,Mario Kart 8 Deluxe,Super Mario Odyssey ,Mario + Rabbids Kingdom Battle,Mario Tennis Aces,Captain Toad: Treasure Tracker,Super Smash Bros. Ultimate,Super Mario Party,New Super Mario Bros U Deluxe,Yoshi,Luigi's Mansion 3 
Nintendo Switch Mario Tennis Ace & Tennis racket FYOUNG racket for Joy-Con Set,4.242640687119285,4.242640687119285,4.358898943540674,3.7416573867739413,4.58257569495584,4.58257569495584,4.242640687119285,4.47213595499958,4.242640687119285,4.358898943540674
Super Mario Party Nintendo Switch Video Game Sealed Brand New,3.3166247903554,3.0,3.4641016151377544,3.3166247903554,3.7416573867739413,3.4641016151377544,2.6457513110645907,3.0,3.3166247903554,3.4641016151377544
Super Mario Party- Nintendo Switch,2.449489742783178,2.0,2.6457513110645907,2.449489742783178,3.0,2.6457513110645907,1.4142135623730951,2.449489742783178,2.449489742783178,2.6457513110645907
Super Mario Party Switch [Factory Refurbished],2.6457513110645907,2.23606797749979,2.8284271247461903,2.6457513110645907,3.1622776601683795,2.8284271247461903,1.7320508075688772,2.6457513110645907,2.6457513110645907,2.8284271247461903
Mario Tennis Aces - Nintendo Switch,2.449489742783178,2.449489742783178,2.6457513110645907,1.4142135623730951,3.0,3.0,2.449489742783178,2.8284271247461903,2.449489742783178,2.6457513110645907
Super Mario Odyssey Nintendo Switch Game,2.6457513110645907,1.7320508075688772,2.8284271247461903,2.6457513110645907,3.1622776601683795,2.8284271247461903,2.23606797749979,2.6457513110645907,2.6457513110645907,2.8284271247461903
Mario Kart 8 Deluxe Nintendo Switch Video Game Sealed Import Region Free,2.8284271247461903,3.4641016151377544,3.605551275463989,3.4641016151377544,3.872983346207417,3.872983346207417,3.4641016151377544,3.4641016151377544,3.4641016151377544,3.605551275463989
Mario Tennis Aces Switch [Factory Refurbished],2.6457513110645907,2.6457513110645907,2.8284271247461903,1.7320508075688772,3.1622776601683795,3.1622776601683795,2.6457513110645907,3.0,2.6457513110645907,2.8284271247461903
New Super Mario Bros. U Deluxe - Nintendo Switch Brand New,3.1622776601683795,3.1622776601683795,3.605551275463989,3.4641016151377544,3.872983346207417,3.3166247903554,3.1622776601683795,2.0,3.4641016151377544,3.605551275463989
"Mario Kart 8 Deluxe (Nintendo Switch, 2017)",1.7320508075688772,2.6457513110645907,2.8284271247461903,2.6457513110645907,3.1622776601683795,3.1622776601683795,2.6457513110645907,2.6457513110645907,2.6457513110645907,2.8284271247461903
Mario Kart 8 Deluxe Video Game for Nintendo Switch System Region Free,2.8284271247461903,3.4641016151377544,3.605551275463989,3.4641016151377544,3.872983346207417,3.872983346207417,3.4641016151377544,3.4641016151377544,3.4641016151377544,3.605551275463989
Nintendo Mario Kart 8 Deluxe - Nintendo Switch (Game Only) (6051-SM44),3.0,3.605551275463989,3.7416573867739413,3.605551275463989,4.0,4.0,3.605551275463989,3.605551275463989,3.605551275463989,3.7416573867739413
Super Mario Party (Nintendo Switch) $̶5̶9̶.̶9̶9̶ ~ $50 ~,2.6457513110645907,2.23606797749979,2.8284271247461903,2.6457513110645907,3.1622776601683795,2.8284271247461903,1.7320508075688772,2.6457513110645907,2.6457513110645907,2.8284271247461903
"Lot of 3 Nintendo Switch Mario Games Party, MarioKart & Odyssey Cartridges Only",3.4641016151377544,3.1622776601683795,3.605551275463989,3.4641016151377544,3.872983346207417,3.872983346207417,3.1622776601683795,3.7416573867739413,3.4641016151377544,3.605551275463989
Mario Kart 8 Deluxe Nintendo Switch Video Game Sealed Import Region Free,2.8284271247461903,3.4641016151377544,3.605551275463989,3.4641016151377544,3.872983346207417,3.872983346207417,3.4641016151377544,3.4641016151377544,3.4641016151377544,3.605551275463989
Mario Kart 8 Deluxe and Donkey Kong Video Games for Nintendo Switch,2.8284271247461903,3.4641016151377544,3.605551275463989,3.4641016151377544,3.872983346207417,3.872983346207417,3.4641016151377544,3.4641016151377544,3.4641016151377544,3.605551275463989
Switch Mario Kart 8 Deluxe Steelbook - Brand New - No Game,2.449489742783178,3.1622776601683795,3.3166247903554,3.1622776601683795,3.605551275463989,3.605551275463989,3.1622776601683795,2.8284271247461903,3.1622776601683795,3.3166247903554
Mario + Rabbids: Kingdom Battle Switch [Factory Refurbished],2.8284271247461903,2.8284271247461903,1.7320508075688772,2.8284271247461903,3.3166247903554,3.3166247903554,2.8284271247461903,3.1622776601683795,2.8284271247461903,3.0
Nintendo Mario Tennis Aces for Nintendo Switch System Region Free,3.605551275463989,3.605551275463989,3.7416573867739413,3.0,4.0,4.0,3.605551275463989,3.872983346207417,3.605551275463989,3.7416573867739413
"Super Mario Odyssey (Nintendo Switch, 2017)",2.6457513110645907,1.7320508075688772,2.8284271247461903,2.6457513110645907,3.1622776601683795,2.8284271247461903,2.23606797749979,2.6457513110645907,2.6457513110645907,2.8284271247461903
Super Mario Party- Nintendo Switch,2.449489742783178,2.0,2.6457513110645907,2.449489742783178,3.0,2.6457513110645907,1.4142135623730951,2.449489742783178,2.449489742783178,2.6457513110645907
Super Mario Odyssey - Nintendo Switch Brand New Retail Pack,3.1622776601683795,2.449489742783178,3.3166247903554,3.1622776601683795,3.605551275463989,3.3166247903554,2.8284271247461903,2.8284271247461903,3.1622776601683795,3.3166247903554
Nintendo Switch Super Mario Bros. 8-Bit Super Mario Video Game Controller,3.7416573867739413,3.1622776601683795,3.872983346207417,3.7416573867739413,4.358898943540674,3.605551275463989,3.1622776601683795,3.1622776601683795,4.0,4.123105625617661
Nintendo Mario Tennis Aces for Nintendo Switch System Region Free,3.605551275463989,3.605551275463989,3.7416573867739413,3.0,4.0,4.0,3.605551275463989,3.872983346207417,3.605551275463989,3.7416573867739413
Super Mario Party (Nintendo Switch) $̶5̶9̶.̶9̶9̶ ~ $50 ~,2.6457513110645907,2.23606797749979,2.8284271247461903,2.6457513110645907,3.1622776601683795,2.8284271247461903,1.7320508075688772,2.6457513110645907,2.6457513110645907,2.8284271247461903
Mario Tennis Aces Nintendo Switch Game Complete In Box,3.1622776601683795,3.1622776601683795,3.3166247903554,2.449489742783178,3.605551275463989,3.605551275463989,3.1622776601683795,3.4641016151377544,3.1622776601683795,3.3166247903554
Nintendo Super Smash Bro & Mario Kart 8 Video Games for Nintendo Switch System,3.605551275463989,3.605551275463989,4.0,3.872983346207417,4.242640687119285,3.7416573867739413,3.605551275463989,3.872983346207417,3.872983346207417,4.0
"Pre-owned! Super Mario Odyssey (Nintendo Switch, 2017) **GAME ONLY**",3.3166247903554,2.6457513110645907,3.4641016151377544,3.3166247903554,3.7416573867739413,3.4641016151377544,3.0,3.3166247903554,3.3166247903554,3.4641016151377544
"Nintendo Switch Game Lot!! Mario, Zelda and Limited Run Games!! AAA Titles!",3.605551275463989,3.605551275463989,3.7416573867739413,3.605551275463989,4.0,4.0,3.605551275463989,3.872983346207417,3.605551275463989,3.7416573867739413
Mario Rabbids Kingdom Battle and Rayman Legends Nintendo Switch Games,3.3166247903554,3.3166247903554,2.449489742783178,3.3166247903554,3.7416573867739413,3.7416573867739413,3.3166247903554,3.605551275463989,3.3166247903554,3.4641016151377544
Nintendo Switch-SUPER MARIO ODYSSEY (UK IMPORT) GAME NEW,3.1622776601683795,2.449489742783178,3.3166247903554,3.1622776601683795,3.605551275463989,3.3166247903554,2.8284271247461903,2.8284271247461903,3.1622776601683795,3.3166247903554
Mario Kart Steering Wheel for Nintendo Switch Joy-Con 2 Pack Grips Black,3.3166247903554,3.605551275463989,3.7416573867739413,3.605551275463989,4.0,4.0,3.605551275463989,3.872983346207417,3.605551275463989,3.7416573867739413
Mario + Rabbids Kingdom Battle for Nintendo Switch NS and - NEW FACTORY SEALED,3.605551275463989,3.605551275463989,2.8284271247461903,3.605551275463989,4.0,4.0,3.605551275463989,3.605551275463989,3.605551275463989,3.7416573867739413
"Lot of 3 Nintendo Switch Games Mario Party, Mario Kart & Zelda Cartridges Only",3.3166247903554,3.605551275463989,3.7416573867739413,3.605551275463989,4.242640687119285,4.242640687119285,3.3166247903554,3.872983346207417,3.872983346207417,4.0
Super Mario Party Nintendo Switch Case + Game COMPLETE,3.0,2.6457513110645907,3.1622776601683795,3.0,3.4641016151377544,3.1622776601683795,2.23606797749979,3.0,3.0,3.1622776601683795
Mario Tennis Aces - Nintendo Switch Brand New,2.8284271247461903,2.8284271247461903,3.0,2.0,3.3166247903554,3.3166247903554,2.8284271247461903,2.8284271247461903,2.8284271247461903,3.0
"Mario Tennis Aces (Nintendo Switch, 2018)",2.6457513110645907,2.6457513110645907,2.8284271247461903,1.7320508075688772,3.1622776601683795,3.1622776601683795,2.6457513110645907,3.0,2.6457513110645907,2.8284271247461903
"Super Mario Odyssey (Nintendo Switch, 2017) ",2.6457513110645907,1.7320508075688772,2.8284271247461903,2.6457513110645907,3.1622776601683795,2.8284271247461903,2.23606797749979,2.6457513110645907,2.6457513110645907,2.8284271247461903
"Super Mario Odyssey (Nintendo Switch, 2017)",2.6457513110645907,1.7320508075688772,2.8284271247461903,2.6457513110645907,3.1622776601683795,2.8284271247461903,2.23606797749979,2.6457513110645907,2.6457513110645907,2.8284271247461903
Mario Kart 8 Deluxe (Nintendo Switch) Like New | $̶5̶9̶.̶9̶9̶ ~ $48 ~,2.23606797749979,3.0,3.1622776601683795,3.0,3.4641016151377544,3.4641016151377544,3.0,2.6457513110645907,3.0,3.1622776601683795
Mario Kart 8 Deluxe (Nintendo Switch) Like New | $̶5̶9̶.̶9̶9̶ ~ $48 ~,2.23606797749979,3.0,3.1622776601683795,3.0,3.4641016151377544,3.4641016151377544,3.0,2.6457513110645907,3.0,3.1622776601683795
Super Mario Party Nintendo Switch Video Game,2.8284271247461903,2.449489742783178,3.0,2.8284271247461903,3.3166247903554,3.0,2.0,2.8284271247461903,2.8284271247461903,3.0
Mario Tennis Aces for Nintendo Switch,2.6457513110645907,2.6457513110645907,2.8284271247461903,1.7320508075688772,3.1622776601683795,3.1622776601683795,2.6457513110645907,3.0,2.6457513110645907,2.8284271247461903
Minecraft (Nintendo Switch) Super Mario Mash Up Brand New Factory Sealed,3.4641016151377544,3.1622776601683795,3.605551275463989,3.4641016151377544,3.872983346207417,3.605551275463989,3.1622776601683795,3.1622776601683795,3.4641016151377544,3.605551275463989
Mario Tennis Aces - Nintendo Switch - Factory Sealed! Free Shipping!,3.1622776601683795,3.1622776601683795,3.3166247903554,2.449489742783178,3.605551275463989,3.605551275463989,3.1622776601683795,3.4641016151377544,3.1622776601683795,3.3166247903554
New Super Mario Bros. U Deluxe - Nintendo Switch,2.449489742783178,2.449489742783178,3.0,2.8284271247461903,3.3166247903554,2.6457513110645907,2.449489742783178,1.4142135623730951,2.8284271247461903,3.0
"Super Mario Odyssey (Nintendo Switch, 2017)",2.6457513110645907,1.7320508075688772,2.8284271247461903,2.6457513110645907,3.1622776601683795,2.8284271247461903,2.23606797749979,2.6457513110645907,2.6457513110645907,2.8284271247461903
"Mario Tennis Aces (Nintendo Switch, 2018)",2.6457513110645907,2.6457513110645907,2.8284271247461903,1.7320508075688772,3.1622776601683795,3.1622776601683795,2.6457513110645907,3.0,2.6457513110645907,2.8284271247461903
New Super Mario Bros. U Deluxe Switch New In Stock,3.1622776601683795,3.1622776601683795,3.605551275463989,3.4641016151377544,3.872983346207417,3.3166247903554,3.1622776601683795,2.0,3.4641016151377544,3.605551275463989
Mario Kart 8 Deluxe and Donkey Kong Video Games for Nintendo Switch,2.8284271247461903,3.4641016151377544,3.605551275463989,3.4641016151377544,3.872983346207417,3.872983346207417,3.4641016151377544,3.4641016151377544,3.4641016151377544,3.605551275463989
"SUPER MARIO ODYSSEY (NINTENDO SWITCH) REPLACEMENT CASE, NO GAME",3.1622776601683795,2.449489742783178,3.3166247903554,3.1622776601683795,3.605551275463989,3.3166247903554,2.8284271247461903,3.1622776601683795,3.1622776601683795,3.3166247903554
"Mario Kart 8 Deluxe Nintendo Switch, 2017 Video Game W/ Case & Artwork Super",2.8284271247461903,3.1622776601683795,3.605551275463989,3.4641016151377544,3.872983346207417,3.605551275463989,3.1622776601683795,3.1622776601683795,3.4641016151377544,3.605551275463989
"Mario Kart 8 Deluxe (Nintendo Switch, 2017) Tested - Awesome Game!",2.449489742783178,3.1622776601683795,3.3166247903554,3.1622776601683795,3.605551275463989,3.605551275463989,3.1622776601683795,3.1622776601683795,3.1622776601683795,3.3166247903554
"Mario + Rabbids Kingdom Battle (Nintendo Switch, 2017)",2.8284271247461903,2.8284271247461903,1.7320508075688772,2.8284271247461903,3.3166247903554,3.3166247903554,2.8284271247461903,3.1622776601683795,2.8284271247461903,3.0
Mario Kart 8 Deluxe Nintendo Switch Open Box,2.0,2.8284271247461903,3.0,2.8284271247461903,3.3166247903554,3.3166247903554,2.8284271247461903,2.8284271247461903,2.8284271247461903,3.0
"Super Mario Odyssey - Nintendo Switch,Fast Free Shipping!!",3.0,2.23606797749979,3.1622776601683795,3.0,3.4641016151377544,3.1622776601683795,2.6457513110645907,3.0,3.0,3.1622776601683795
Super Mario Party - Nintendo Switch,2.449489742783178,2.0,2.6457513110645907,2.449489742783178,3.0,2.6457513110645907,1.4142135623730951,2.449489742783178,2.449489742783178,2.6457513110645907
Mario + Rabbids Kingdom Battle for Nintendo Switch NS and - NEW FACTORY SEALED,3.605551275463989,3.605551275463989,2.8284271247461903,3.605551275463989,4.0,4.0,3.605551275463989,3.605551275463989,3.605551275463989,3.7416573867739413
Minecraft (Nintendo Switch) Super Mario Mash Up Brand New Factory Sealed,3.4641016151377544,3.1622776601683795,3.605551275463989,3.4641016151377544,3.872983346207417,3.605551275463989,3.1622776601683795,3.1622776601683795,3.4641016151377544,3.605551275463989
Super Mario Party - Nintendo Switch,2.449489742783178,2.0,2.6457513110645907,2.449489742783178,3.0,2.6457513110645907,1.4142135623730951,2.449489742783178,2.449489742783178,2.6457513110645907
"Super Mario Odyssey (Nintendo Switch, 2017) Game NEW Free Shipping",3.3166247903554,2.6457513110645907,3.4641016151377544,3.3166247903554,3.7416573867739413,3.4641016151377544,3.0,3.0,3.3166247903554,3.4641016151377544
2017 Super Mario Odyssey Nintendo Switch Video Game Used,3.1622776601683795,2.449489742783178,3.3166247903554,3.1622776601683795,3.605551275463989,3.3166247903554,2.8284271247461903,3.1622776601683795,3.1622776601683795,3.3166247903554
Super Mario Party - Nintendo Switch 3,2.449489742783178,2.0,2.6457513110645907,2.449489742783178,3.0,2.6457513110645907,1.4142135623730951,2.449489742783178,2.449489742783178,2.6457513110645907
Mario Kart 8 Deluxe (Nintendo Switch) *Brand New/ Sealed*,2.23606797749979,3.0,3.1622776601683795,3.0,3.4641016151377544,3.4641016151377544,3.0,2.6457513110645907,3.0,3.1622776601683795
NEW MARIO + RABBIDS KINGDOM BATTLE NINTENDO SWITCH SEALED USA SELLER FAST SHIP!,3.605551275463989,3.605551275463989,2.8284271247461903,3.605551275463989,4.0,4.0,3.605551275463989,3.605551275463989,3.605551275463989,3.7416573867739413
"Mario Kart 8 Deluxe (Nintendo Switch, 2017)",1.7320508075688772,2.6457513110645907,2.8284271247461903,2.6457513110645907,3.1622776601683795,3.1622776601683795,2.6457513110645907,2.6457513110645907,2.6457513110645907,2.8284271247461903
Switch Mario Kart 8 Deluxe Steelbook Brand New Sealed Promotional No Game,2.8284271247461903,3.4641016151377544,3.605551275463989,3.4641016151377544,3.872983346207417,3.872983346207417,3.4641016151377544,3.1622776601683795,3.4641016151377544,3.605551275463989
NINTENDO SWITCH Mario Tennis Aces - Brand New game,3.0,3.0,3.1622776601683795,2.23606797749979,3.4641016151377544,3.4641016151377544,3.0,3.0,3.0,3.1622776601683795
"Super Mario Odyssey (Nintendo Switch, 2017)",2.6457513110645907,1.7320508075688772,2.8284271247461903,2.6457513110645907,3.1622776601683795,2.8284271247461903,2.23606797749979,2.6457513110645907,2.6457513110645907,2.8284271247461903
"MARIO KART 8 DELUXE (NINTENDO SWITCH) REPLACEMENT CASE, NO GAME",2.449489742783178,3.1622776601683795,3.3166247903554,3.1622776601683795,3.605551275463989,3.605551275463989,3.1622776601683795,3.1622776601683795,3.1622776601683795,3.3166247903554
"Mario Tennis Aces (Nintendo Switch, 2018)",2.6457513110645907,2.6457513110645907,2.8284271247461903,1.7320508075688772,3.1622776601683795,3.1622776601683795,2.6457513110645907,3.0,2.6457513110645907,2.8284271247461903
"Mario Kart 8 Deluxe (Nintendo Switch, 2017) BRAND NEW / Region Free",2.6457513110645907,3.3166247903554,3.4641016151377544,3.3166247903554,3.7416573867739413,3.7416573867739413,3.3166247903554,3.0,3.3166247903554,3.4641016151377544
Nintendo Mario Tennis Aces for Nintendo Switch System Region Free,3.605551275463989,3.605551275463989,3.7416573867739413,3.0,4.0,4.0,3.605551275463989,3.872983346207417,3.605551275463989,3.7416573867739413
2x Racing Steering Wheel for Nintendo Switch Joy-Con Controller Handle Grip,3.872983346207417,3.872983346207417,4.0,3.872983346207417,4.0,4.0,3.872983346207417,4.123105625617661,3.605551275463989,3.7416573867739413
Lots 2 Tennis Racket For N-Switch Joy-Con Controller For Mario Tennis Aces Games,4.242640687119285,4.242640687119285,4.358898943540674,3.4641016151377544,4.58257569495584,4.58257569495584,4.242640687119285,4.47213595499958,4.242640687119285,4.358898943540674
BRAND NEW SEALED Mario + Rabbids Kingdom Battle Game for Nintendo Switch,3.4641016151377544,3.4641016151377544,2.6457513110645907,3.4641016151377544,3.872983346207417,3.872983346207417,3.4641016151377544,3.4641016151377544,3.4641016151377544,3.605551275463989
"Mario + Rabbids Kingdom Battle (Nintendo Switch, 2017)",2.8284271247461903,2.8284271247461903,1.7320508075688772,2.8284271247461903,3.3166247903554,3.3166247903554,2.8284271247461903,3.1622776601683795,2.8284271247461903,3.0
"Super Mario Odyssey (Nintendo Switch, 2017) VERY GOOD CONDITION! FREE SHIPPING!",3.4641016151377544,2.8284271247461903,3.605551275463989,3.4641016151377544,3.872983346207417,3.605551275463989,3.1622776601683795,3.4641016151377544,3.4641016151377544,3.605551275463989
"Super Mario Odyssey (Nintendo Switch, 2017)",2.6457513110645907,1.7320508075688772,2.8284271247461903,2.6457513110645907,3.1622776601683795,2.8284271247461903,2.23606797749979,2.6457513110645907,2.6457513110645907,2.8284271247461903
Super Mario Odyssey - Nintendo Switch BRAND NEW SEALED ,3.0,2.23606797749979,3.1622776601683795,3.0,3.4641016151377544,3.1622776601683795,2.6457513110645907,2.6457513110645907,3.0,3.1622776601683795
"Mario Kart 8 Deluxe (Nintendo Switch, 2017)",1.7320508075688772,2.6457513110645907,2.8284271247461903,2.6457513110645907,3.1622776601683795,3.1622776601683795,2.6457513110645907,2.6457513110645907,2.6457513110645907,2.8284271247461903
NEW Nintendo Switch Super Mario Bros 8-bit Edition Video Game Wired Controller,3.605551275463989,3.3166247903554,3.7416573867739413,3.605551275463989,4.0,3.4641016151377544,3.3166247903554,3.0,3.605551275463989,3.7416573867739413
"NEW Mario Tennis Aces (Nintendo Switch, 2018) (EU, REGION FREE)",3.3166247903554,3.3166247903554,3.4641016151377544,2.6457513110645907,3.7416573867739413,3.7416573867739413,3.3166247903554,3.3166247903554,3.3166247903554,3.4641016151377544
"Mario + Rabbids Kingdom Battle (Nintendo Switch, 2017)",2.8284271247461903,2.8284271247461903,1.7320508075688772,2.8284271247461903,3.3166247903554,3.3166247903554,2.8284271247461903,3.1622776601683795,2.8284271247461903,3.0
"Super Mario Odyssey (Nintendo Switch, 2017) Pre-owned Free Shipping Excellent!",3.4641016151377544,2.8284271247461903,3.605551275463989,3.4641016151377544,3.872983346207417,3.605551275463989,3.1622776601683795,3.4641016151377544,3.4641016151377544,3.605551275463989
"Super Mario Odyssey (Nintendo Switch, 2017) Fast Shipping!",3.0,2.23606797749979,3.1622776601683795,3.0,3.4641016151377544,3.1622776601683795,2.6457513110645907,3.0,3.0,3.1622776601683795
SUPER MARIO ODYSSEY ( NINTENDO SWITCH 2017 ) CASE NO GAME,3.1622776601683795,2.449489742783178,3.3166247903554,3.1622776601683795,3.605551275463989,3.3166247903554,2.8284271247461903,3.1622776601683795,3.1622776601683795,3.3166247903554
"Mario Tennis Aces (Nintendo Switch, 2018)",2.6457513110645907,2.6457513110645907,2.8284271247461903,1.7320508075688772,3.1622776601683795,3.1622776601683795,2.6457513110645907,3.0,2.6457513110645907,2.8284271247461903
Mario Tennis Aces Nintendo Switch Brand New,2.8284271247461903,2.8284271247461903,3.0,2.0,3.3166247903554,3.3166247903554,2.8284271247461903,2.8284271247461903,2.8284271247461903,3.0
"Mario Kart 8 Deluxe (Nintendo Switch, 2017)",1.7320508075688772,2.6457513110645907,2.8284271247461903,2.6457513110645907,3.1622776601683795,3.1622776601683795,2.6457513110645907,2.6457513110645907,2.6457513110645907,2.8284271247461903
"Mario Kart 8 Deluxe (Nintendo Switch, 2017)",1.7320508075688772,2.6457513110645907,2.8284271247461903,2.6457513110645907,3.1622776601683795,3.1622776601683795,2.6457513110645907,2.6457513110645907,2.6457513110645907,2.8284271247461903
Super Mario Party - Nintendo Switch,2.449489742783178,2.0,2.6457513110645907,2.449489742783178,3.0,2.6457513110645907,1.4142135623730951,2.449489742783178,2.449489742783178,2.6457513110645907
Super Mario Party Nintendo Switch,2.449489742783178,2.0,2.6457513110645907,2.449489742783178,3.0,2.6457513110645907,1.4142135623730951,2.449489742783178,2.449489742783178,2.6457513110645907
"Mario Kart 8 Deluxe (Nintendo Switch, 2017)",1.7320508075688772,2.6457513110645907,2.8284271247461903,2.6457513110645907,3.1622776601683795,3.1622776601683795,2.6457513110645907,2.6457513110645907,2.6457513110645907,2.8284271247461903
Super Mario Party- Nintendo Switch,2.449489742783178,2.0,2.6457513110645907,2.449489742783178,3.0,2.6457513110645907,1.4142135623730951,2.449489742783178,2.449489742783178,2.6457513110645907
Super Mario Odyssey (Nintendo Switch) *BRAND NEW* SEALED,3.0,2.23606797749979,3.1622776601683795,3.0,3.4641016151377544,3.1622776601683795,2.6457513110645907,2.6457513110645907,3.0,3.1622776601683795
"Super Mario Odyssey (Nintendo Switch, 2017)",2.6457513110645907,1.7320508075688772,2.8284271247461903,2.6457513110645907,3.1622776601683795,2.8284271247461903,2.23606797749979,2.6457513110645907,2.6457513110645907,2.8284271247461903
Mario + Rabbids Kingdom Battle (Nintendo Switch) Brand New Factory Sealed,3.3166247903554,3.3166247903554,2.449489742783178,3.3166247903554,3.7416573867739413,3.7416573867739413,3.3166247903554,3.3166247903554,3.3166247903554,3.4641016151377544
NEW Nintendo Switch Mario Kart 8 Deluxe Gaming Console Bundle,2.449489742783178,3.1622776601683795,3.3166247903554,3.1622776601683795,3.605551275463989,3.605551275463989,3.1622776601683795,2.8284271247461903,3.1622776601683795,3.3166247903554
Mario + Rabbids Kingdom Battle Season Pass DLC Weapons [Nintendo Switch BONUS],3.4641016151377544,3.4641016151377544,2.6457513110645907,3.4641016151377544,3.872983346207417,3.872983346207417,3.4641016151377544,3.7416573867739413,3.4641016151377544,3.605551275463989
"Super Mario Odyssey [ GAME ] (Nintendo Switch, 2017)",2.8284271247461903,2.0,3.0,2.8284271247461903,3.3166247903554,3.0,2.449489742783178,2.8284271247461903,2.8284271247461903,3.0
Super Mario Party- Nintendo Switch,2.449489742783178,2.0,2.6457513110645907,2.449489742783178,3.0,2.6457513110645907,1.4142135623730951,2.449489742783178,2.449489742783178,2.6457513110645907
"Super Mario Odyssey (Nintendo Switch, 2017)",2.6457513110645907,1.7320508075688772,2.8284271247461903,2.6457513110645907,3.1622776601683795,2.8284271247461903,2.23606797749979,2.6457513110645907,2.6457513110645907,2.8284271247461903
 Super Mario Party - Nintendo Switch,2.449489742783178,2.0,2.6457513110645907,2.449489742783178,3.0,2.6457513110645907,1.4142135623730951,2.449489742783178,2.449489742783178,2.6457513110645907
"Mario Kart 8 Deluxe VERY GOOD (with case) (Nintendo Switch, 2017)",2.6457513110645907,3.3166247903554,3.4641016151377544,3.3166247903554,3.7416573867739413,3.7416573867739413,3.3166247903554,3.3166247903554,3.3166247903554,3.4641016151377544
"Mario + Rabbids Kingdom Battle (Nintendo Switch, 2017) Brand New Sealed",3.3166247903554,3.3166247903554,2.449489742783178,3.3166247903554,3.7416573867739413,3.7416573867739413,3.3166247903554,3.3166247903554,3.3166247903554,3.4641016151377544
2017 Super Mario Odyssey Nintendo Switch Video Game Used Only Once,3.4641016151377544,2.8284271247461903,3.605551275463989,3.4641016151377544,3.872983346207417,3.605551275463989,3.1622776601683795,3.4641016151377544,3.4641016151377544,3.605551275463989
"Mario + Rabbids Kingdom Battle (Nintendo Switch, 2017)",2.8284271247461903,2.8284271247461903,1.7320508075688772,2.8284271247461903,3.3166247903554,3.3166247903554,2.8284271247461903,3.1622776601683795,2.8284271247461903,3.0
"Mario Kart 8 Deluxe (Nintendo Switch, 2017)",1.7320508075688772,2.6457513110645907,2.8284271247461903,2.6457513110645907,3.1622776601683795,3.1622776601683795,2.6457513110645907,2.6457513110645907,2.6457513110645907,2.8284271247461903
NEW! MARIO + RABBIDS KINGDOM BATTLE (Nintendo Switch 2017) FAST FREE SHIPPING,3.4641016151377544,3.4641016151377544,2.6457513110645907,3.4641016151377544,3.872983346207417,3.872983346207417,3.4641016151377544,3.4641016151377544,3.4641016151377544,3.605551275463989
Super Mario Party Nintendo Switch,2.449489742783178,2.0,2.6457513110645907,2.449489742783178,3.0,2.6457513110645907,1.4142135623730951,2.449489742783178,2.449489742783178,2.6457513110645907
"Super Mario Odyssey (Nintendo Switch, 2017)",2.6457513110645907,1.7320508075688772,2.8284271247461903,2.6457513110645907,3.1622776601683795,2.8284271247461903,2.23606797749979,2.6457513110645907,2.6457513110645907,2.8284271247461903
"Mario Kart 8 Deluxe (Nintendo Switch, 2017)",1.7320508075688772,2.6457513110645907,2.8284271247461903,2.6457513110645907,3.1622776601683795,3.1622776601683795,2.6457513110645907,2.6457513110645907,2.6457513110645907,2.8284271247461903
"Super Mario Odyssey (Nintendo Switch, 2017)",2.6457513110645907,1.7320508075688772,2.8284271247461903,2.6457513110645907,3.1622776601683795,2.8284271247461903,2.23606797749979,2.6457513110645907,2.6457513110645907,2.8284271247461903
Super Mario Odyssey Starter Pack - Nintendo Switch,2.8284271247461903,2.0,3.0,2.8284271247461903,3.3166247903554,3.0,2.449489742783178,2.8284271247461903,2.8284271247461903,3.0
Twin Tennis Racket Gamepad Gaming Sensor for Switch NS Mario Aces Game - US SHIP,3.872983346207417,3.872983346207417,4.0,3.3166247903554,4.242640687119285,4.242640687119285,3.872983346207417,4.123105625617661,3.872983346207417,4.0
NEW Power A Super Mario Premium Game Card Case for Nintendo Switch - Red,3.605551275463989,3.3166247903554,3.7416573867739413,3.605551275463989,4.0,3.7416573867739413,3.3166247903554,3.3166247903554,3.605551275463989,3.7416573867739413
Mario Kart 8 Deluxe - Nintendo Switch,1.4142135623730951,2.449489742783178,2.6457513110645907,2.449489742783178,3.0,3.0,2.449489742783178,2.449489742783178,2.449489742783178,2.6457513110645907
Super Mario Party - Nintendo Switch 8,2.449489742783178,2.0,2.6457513110645907,2.449489742783178,3.0,2.6457513110645907,1.4142135623730951,2.449489742783178,2.449489742783178,2.6457513110645907
Super Mario Party - Nintendo Switch 9,2.449489742783178,2.0,2.6457513110645907,2.449489742783178,3.0,2.6457513110645907,1.4142135623730951,2.449489742783178,2.449489742783178,2.6457513110645907
Mario Tennis Aces Nintendo Switch Brand New & Free Fast Shipping,3.3166247903554,3.3166247903554,3.4641016151377544,2.6457513110645907,3.7416573867739413,3.7416573867739413,3.3166247903554,3.3166247903554,3.3166247903554,3.4641016151377544
"Super Mario Odyssey (Nintendo Switch, 2017)",2.6457513110645907,1.7320508075688772,2.8284271247461903,2.6457513110645907,3.1622776601683795,2.8284271247461903,2.23606797749979,2.6457513110645907,2.6457513110645907,2.8284271247461903
Super Mario Party Nintendo Switch Video Game Used Twice Perfect Condition,3.4641016151377544,3.1622776601683795,3.605551275463989,3.4641016151377544,3.872983346207417,3.605551275463989,2.8284271247461903,3.4641016151377544,3.4641016151377544,3.605551275463989
"Super Mario Odyssey (Nintendo Switch, 2017)",2.6457513110645907,1.7320508075688772,2.8284271247461903,2.6457513110645907,3.1622776601683795,2.8284271247461903,2.23606797749979,2.6457513110645907,2.6457513110645907,2.8284271247461903
"Super Mario Odyssey (Nintendo Switch, 2017) **GAME ONLY**",3.0,2.23606797749979,3.1622776601683795,3.0,3.4641016151377544,3.1622776601683795,2.6457513110645907,3.0,3.0,3.1622776601683795
Mario Kart 8 Deluxe - Nintendo Switch,1.4142135623730951,2.449489742783178,2.6457513110645907,2.449489742783178,3.0,3.0,2.449489742783178,2.449489742783178,2.449489742783178,2.6457513110645907
Mario Tennis Aces (Switch),2.23606797749979,2.23606797749979,2.449489742783178,1.0,2.8284271247461903,2.8284271247461903,2.23606797749979,2.6457513110645907,2.23606797749979,2.449489742783178
Super Mario Party - Nintendo Switch Video Game,2.8284271247461903,2.449489742783178,3.0,2.8284271247461903,3.3166247903554,3.0,2.0,2.8284271247461903,2.8284271247461903,3.0
Nintendo Switch: Mario Kart 8 Deluxe - Excellent,1.7320508075688772,2.6457513110645907,2.8284271247461903,2.6457513110645907,3.1622776601683795,3.1622776601683795,2.6457513110645907,2.6457513110645907,2.6457513110645907,2.8284271247461903
Minecraft (Nintendo Switch) Super Mario Mash Up Brand New & Sealed,3.3166247903554,3.0,3.4641016151377544,3.3166247903554,3.7416573867739413,3.4641016151377544,3.0,3.0,3.3166247903554,3.4641016151377544
"Super Mario Odyssey (Nintendo Switch, 2017)",2.6457513110645907,1.7320508075688772,2.8284271247461903,2.6457513110645907,3.1622776601683795,2.8284271247461903,2.23606797749979,2.6457513110645907,2.6457513110645907,2.8284271247461903
"SUPER MARIO PARTY (NINTENDO SWITCH) REPLACEMENT CASE, NO GAME",3.1622776601683795,2.8284271247461903,3.3166247903554,3.1622776601683795,3.605551275463989,3.3166247903554,2.449489742783178,3.1622776601683795,3.1622776601683795,3.3166247903554
Minecraft w/ Bonus Mario Mash-Up!+POP! Creeper Cross-Plays Mobile|PC|Switch|Xbox,3.7416573867739413,3.7416573867739413,3.872983346207417,3.7416573867739413,4.123105625617661,4.123105625617661,3.7416573867739413,4.0,3.7416573867739413,3.872983346207417
Mario + Rabbids Kingdom Battle (Nintendo Switch) Brand New Factory Sealed,3.3166247903554,3.3166247903554,2.449489742783178,3.3166247903554,3.7416573867739413,3.7416573867739413,3.3166247903554,3.3166247903554,3.3166247903554,3.4641016151377544
Nintendo Switch Mario Kart 8 Deluxe - Great condition,2.0,2.8284271247461903,3.0,2.8284271247461903,3.3166247903554,3.3166247903554,2.8284271247461903,2.8284271247461903,2.8284271247461903,3.0
NEW! MARIO + RABBIDS KINGDOM BATTLE (Nintendo Switch 2017) FAST FREE SHIPPING,3.4641016151377544,3.4641016151377544,2.6457513110645907,3.4641016151377544,3.872983346207417,3.872983346207417,3.4641016151377544,3.4641016151377544,3.4641016151377544,3.605551275463989
"Mario Tennis Aces (Nintendo Switch, 2018)",2.6457513110645907,2.6457513110645907,2.8284271247461903,1.7320508075688772,3.1622776601683795,3.1622776601683795,2.6457513110645907,3.0,2.6457513110645907,2.8284271247461903
"Super Mario Odyssey (Nintendo Switch, 2017)",2.6457513110645907,1.7320508075688772,2.8284271247461903,2.6457513110645907,3.1622776601683795,2.8284271247461903,2.23606797749979,2.6457513110645907,2.6457513110645907,2.8284271247461903
"SUPER MARIO PARTY (NINTENDO SWITCH) REPLACEMENT CASE, NO GAME",3.1622776601683795,2.8284271247461903,3.3166247903554,3.1622776601683795,3.605551275463989,3.3166247903554,2.449489742783178,3.1622776601683795,3.1622776601683795,3.3166247903554
Mario + Rabbids Kingdom Battle (Nintendo Switch) Brand New Factory Sealed,3.3166247903554,3.3166247903554,2.449489742783178,3.3166247903554,3.7416573867739413,3.7416573867739413,3.3166247903554,3.3166247903554,3.3166247903554,3.4641016151377544
Mario + Rabbids Kingdom Battle for Nintendo Switch NEW,3.0,3.0,2.0,3.0,3.4641016151377544,3.4641016151377544,3.0,3.0,3.0,3.1622776601683795
Super Mario Odyssey + Mini Case! (Nintendo Switch) Brand New! Factory Sealed!,3.4641016151377544,2.8284271247461903,3.605551275463989,3.4641016151377544,3.872983346207417,3.605551275463989,3.1622776601683795,3.1622776601683795,3.4641016151377544,3.605551275463989
"Super Mario Odyssey (Nintendo Switch, 2017) TESTED WORKING CARTRIDGE ONLY",3.3166247903554,2.6457513110645907,3.4641016151377544,3.3166247903554,3.7416573867739413,3.4641016151377544,3.0,3.3166247903554,3.3166247903554,3.4641016151377544
"Super Mario Odyssey (Nintendo Switch, 2017)",2.6457513110645907,1.7320508075688772,2.8284271247461903,2.6457513110645907,3.1622776601683795,2.8284271247461903,2.23606797749979,2.6457513110645907,2.6457513110645907,2.8284271247461903
"Mario Kart 8 Deluxe (Nintendo Switch, 2017) - In Good Condition",2.449489742783178,3.1622776601683795,3.3166247903554,3.1622776601683795,3.605551275463989,3.605551275463989,3.1622776601683795,3.1622776601683795,3.1622776601683795,3.3166247903554
NINTENDO SWITCH MARIO + RABBIDS KINGDOM BATTLE GAME NEW SEALED SHIPS SAME DAY,3.605551275463989,3.605551275463989,2.8284271247461903,3.605551275463989,4.0,4.0,3.605551275463989,3.605551275463989,3.605551275463989,3.7416573867739413
"Mario Tennis Aces (Nintendo Switch, 2018)",2.6457513110645907,2.6457513110645907,2.8284271247461903,1.7320508075688772,3.1622776601683795,3.1622776601683795,2.6457513110645907,3.0,2.6457513110645907,2.8284271247461903
mario tennis aces nintendo switch,2.449489742783178,2.449489742783178,2.6457513110645907,1.4142135623730951,3.0,3.0,2.449489742783178,2.8284271247461903,2.449489742783178,2.6457513110645907
CASE AND INSERT ONLY for Mario Kart 8 Deluxe Edition No Game! Nintendo Switch,3.1622776601683795,3.7416573867739413,3.872983346207417,3.7416573867739413,4.123105625617661,4.123105625617661,3.7416573867739413,3.7416573867739413,3.7416573867739413,3.872983346207417
"New Super Mario Bros. U Deluxe (Nintendo Switch), Brand New, Fast Shipping !!",3.4641016151377544,3.4641016151377544,3.872983346207417,3.7416573867739413,4.123105625617661,3.605551275463989,3.4641016151377544,2.449489742783178,3.7416573867739413,3.872983346207417
"Super Mario Odyssey (Nintendo Switch, 2017)",2.6457513110645907,1.7320508075688772,2.8284271247461903,2.6457513110645907,3.1622776601683795,2.8284271247461903,2.23606797749979,2.6457513110645907,2.6457513110645907,2.8284271247461903
"Mario Kart 8 Deluxe (Nintendo Switch, 2017) - Fast Ship",2.23606797749979,3.0,3.1622776601683795,3.0,3.4641016151377544,3.4641016151377544,3.0,3.0,3.0,3.1622776601683795
"Mario Kart 8 Deluxe (Nintendo Switch, 2017) ",1.7320508075688772,2.6457513110645907,2.8284271247461903,2.6457513110645907,3.1622776601683795,3.1622776601683795,2.6457513110645907,2.6457513110645907,2.6457513110645907,2.8284271247461903
"Super Mario Odyssey (Nintendo Switch, 2017)",2.6457513110645907,1.7320508075688772,2.8284271247461903,2.6457513110645907,3.1622776601683795,2.8284271247461903,2.23606797749979,2.6457513110645907,2.6457513110645907,2.8284271247461903
Super Mario Bros U Deluxe Nintendo switch,2.23606797749979,2.23606797749979,2.8284271247461903,2.6457513110645907,3.1622776601683795,2.449489742783178,2.23606797749979,1.7320508075688772,2.6457513110645907,2.8284271247461903
"Mario + Rabbids Kingdom Battle (Nintendo Switch, 2017) *Used*",3.0,3.0,2.0,3.0,3.4641016151377544,3.4641016151377544,3.0,3.3166247903554,3.0,3.1622776601683795
Super Mario Party - Nintendo Switch,2.449489742783178,2.0,2.6457513110645907,2.449489742783178,3.0,2.6457513110645907,1.4142135623730951,2.449489742783178,2.449489742783178,2.6457513110645907
"Mario Tennis Aces (Nintendo Switch, 2018) - MINT CONDITION",3.0,3.0,3.1622776601683795,2.23606797749979,3.4641016151377544,3.4641016151377544,3.0,3.3166247903554,3.0,3.1622776601683795
"Mario + Rabbids Kingdom Battle (Nintendo Switch, 2017)",2.8284271247461903,2.8284271247461903,1.7320508075688772,2.8284271247461903,3.3166247903554,3.3166247903554,2.8284271247461903,3.1622776601683795,2.8284271247461903,3.0
Super Mario Odyssey (Nintendo Switch) *Authentic!! *Complete!! *Great Price!!,3.1622776601683795,2.449489742783178,3.3166247903554,3.1622776601683795,3.605551275463989,3.3166247903554,2.8284271247461903,3.1622776601683795,3.1622776601683795,3.3166247903554
CASE AND INSERT ONLY for Mario Kart 8 Deluxe Edition No Game! Nintendo Switch,3.1622776601683795,3.7416573867739413,3.872983346207417,3.7416573867739413,4.123105625617661,4.123105625617661,3.7416573867739413,3.7416573867739413,3.7416573867739413,3.872983346207417
"Super Mario Odyssey (Nintendo Switch, 2017)",2.6457513110645907,1.7320508075688772,2.8284271247461903,2.6457513110645907,3.1622776601683795,2.8284271247461903,2.23606797749979,2.6457513110645907,2.6457513110645907,2.8284271247461903
Super Mario Party- Nintendo Switch USED (Brand New Condition),3.1622776601683795,2.8284271247461903,3.3166247903554,3.1622776601683795,3.605551275463989,3.3166247903554,2.449489742783178,2.8284271247461903,3.1622776601683795,3.3166247903554
Mario Tennis Aces for Nintendo Switch,2.6457513110645907,2.6457513110645907,2.8284271247461903,1.7320508075688772,3.1622776601683795,3.1622776601683795,2.6457513110645907,3.0,2.6457513110645907,2.8284271247461903
Mario Kart 8 Deluxe Nintendo Switch Video Game,2.0,2.8284271247461903,3.0,2.8284271247461903,3.3166247903554,3.3166247903554,2.8284271247461903,2.8284271247461903,2.8284271247461903,3.0
Super Mario Party for the Nintendo Switch (2018),3.0,2.6457513110645907,3.1622776601683795,3.0,3.4641016151377544,3.1622776601683795,2.23606797749979,3.0,3.0,3.1622776601683795
Mario Kart 8 Deluxe Nintendo Switch Video Game NEW SEALED,2.449489742783178,3.1622776601683795,3.3166247903554,3.1622776601683795,3.605551275463989,3.605551275463989,3.1622776601683795,2.8284271247461903,3.1622776601683795,3.3166247903554
"Nintendo Switch Mario Kart 8, 1-2 Switch, 2018 Dance Games, Pro Controller, MORE",3.4641016151377544,3.7416573867739413,3.872983346207417,3.7416573867739413,4.123105625617661,4.123105625617661,3.7416573867739413,4.0,3.7416573867739413,3.872983346207417
Super Mario Party for Nintendo Switch Great Condition!,3.0,2.6457513110645907,3.1622776601683795,3.0,3.4641016151377544,3.1622776601683795,2.23606797749979,3.0,3.0,3.1622776601683795
Lot 6 Nintendo Switch Games: Zelda+Mario Kart+Odyssey+Pokken+More bundle,3.1622776601683795,3.1622776601683795,3.605551275463989,3.4641016151377544,3.872983346207417,3.872983346207417,3.4641016151377544,3.7416573867739413,3.4641016151377544,3.605551275463989
"Super Mario Odyssey (Nintendo Switch, 2017)",2.6457513110645907,1.7320508075688772,2.8284271247461903,2.6457513110645907,3.1622776601683795,2.8284271247461903,2.23606797749979,2.6457513110645907,2.6457513110645907,2.8284271247461903
Mario Rabbids Kingdom Battle Collector's Edition NO GAME Nintendo Switch,3.3166247903554,3.3166247903554,2.449489742783178,3.3166247903554,3.7416573867739413,3.7416573867739413,3.3166247903554,3.605551275463989,3.3166247903554,3.4641016151377544
"NEW Mario Tennis Aces (Nintendo Switch, 2018) (EU, REGION FREE)",3.3166247903554,3.3166247903554,3.4641016151377544,2.6457513110645907,3.7416573867739413,3.7416573867739413,3.3166247903554,3.3166247903554,3.3166247903554,3.4641016151377544
Nintendo Switch Game Mario Kart 8 Deluxe,1.7320508075688772,2.6457513110645907,2.8284271247461903,2.6457513110645907,3.1622776601683795,3.1622776601683795,2.6457513110645907,2.6457513110645907,2.6457513110645907,2.8284271247461903
Super Mario Odyssey + Super Mario Odyssey Case - Nintendo Switch,3.7416573867739413,2.449489742783178,3.872983346207417,3.7416573867739413,4.358898943540674,3.872983346207417,3.1622776601683795,3.4641016151377544,4.0,4.123105625617661
"Nintendo Switch Games Lot - Captain Toad, Splatoon 2, Donkey Kong, Mario Rabbids",3.4641016151377544,3.4641016151377544,3.3166247903554,3.4641016151377544,3.3166247903554,3.872983346207417,3.4641016151377544,3.7416573867739413,3.4641016151377544,3.605551275463989
"NEW Mario Tennis Aces (Nintendo Switch, 2018) (EU, REGION FREE)",3.3166247903554,3.3166247903554,3.4641016151377544,2.6457513110645907,3.7416573867739413,3.7416573867739413,3.3166247903554,3.3166247903554,3.3166247903554,3.4641016151377544
Super Mario Party 2018 Nintendo Switch ,2.6457513110645907,2.23606797749979,2.8284271247461903,2.6457513110645907,3.1622776601683795,2.8284271247461903,1.7320508075688772,2.6457513110645907,2.6457513110645907,2.8284271247461903
Nintendo Switch Super Mario Bros 8-Bit Super Mario Video Game Controller GENUINE,3.872983346207417,3.3166247903554,4.0,3.872983346207417,4.47213595499958,3.7416573867739413,3.3166247903554,3.3166247903554,4.123105625617661,4.242640687119285
"~ Mario + Rabbids Kingdom Battle (Nintendo Switch, 2017, excellent condition) ~",3.1622776601683795,3.1622776601683795,2.23606797749979,3.1622776601683795,3.605551275463989,3.605551275463989,3.1622776601683795,3.4641016151377544,3.1622776601683795,3.3166247903554
"Mario Kart 8 Deluxe (Nintendo Switch, 2017)",1.7320508075688772,2.6457513110645907,2.8284271247461903,2.6457513110645907,3.1622776601683795,3.1622776601683795,2.6457513110645907,2.6457513110645907,2.6457513110645907,2.8284271247461903
New PDP Video Game Super Mario Secure Case Holds 6 Games Nintendo Switch,3.605551275463989,3.3166247903554,3.7416573867739413,3.605551275463989,4.0,3.7416573867739413,3.3166247903554,3.3166247903554,3.605551275463989,3.7416573867739413
Super Mario Party Nintendo Switch,2.449489742783178,2.0,2.6457513110645907,2.449489742783178,3.0,2.6457513110645907,1.4142135623730951,2.449489742783178,2.449489742783178,2.6457513110645907
Nintendo Switch Mario + Rabbids Kingdom Battle NEW Sealed REGION FREE Plays all!,3.605551275463989,3.605551275463989,2.8284271247461903,3.605551275463989,4.0,4.0,3.605551275463989,3.605551275463989,3.605551275463989,3.7416573867739413
Super Mario Party Joy-Con Bundle Nintendo Switch PINK & Yellow Joycon controller,3.605551275463989,3.3166247903554,3.7416573867739413,3.605551275463989,4.0,3.7416573867739413,3.0,3.605551275463989,3.605551275463989,3.7416573867739413
Nintendo Switch Mario Kart 8 Deluxe - Great condition,2.0,2.8284271247461903,3.0,2.8284271247461903,3.3166247903554,3.3166247903554,2.8284271247461903,2.8284271247461903,2.8284271247461903,3.0
"Mario Kart 8 Deluxe (Nintendo Switch, 2017)",1.7320508075688772,2.6457513110645907,2.8284271247461903,2.6457513110645907,3.1622776601683795,3.1622776601683795,2.6457513110645907,2.6457513110645907,2.6457513110645907,2.8284271247461903
"Super Mario Odyssey (Nintendo Switch, 2017)",2.6457513110645907,1.7320508075688772,2.8284271247461903,2.6457513110645907,3.1622776601683795,2.8284271247461903,2.23606797749979,2.6457513110645907,2.6457513110645907,2.8284271247461903
Nintendo Switch Mario Kart 8 Deluxe Game BRAND NEW & 2 Wheels (2-Player Bundle!),2.8284271247461903,3.4641016151377544,3.605551275463989,3.4641016151377544,3.872983346207417,3.872983346207417,3.4641016151377544,3.1622776601683795,3.4641016151377544,3.605551275463989
Mario + Rabbids Kingdom Battle - Nintendo Switch Standard Edition,3.0,3.0,2.0,3.0,3.4641016151377544,3.4641016151377544,3.0,3.3166247903554,3.0,3.1622776601683795
Brand New Super Mario Odyssey Nintendo Switch 2017 + Cappy Collectible Coin,3.4641016151377544,2.8284271247461903,3.605551275463989,3.4641016151377544,3.872983346207417,3.605551275463989,3.1622776601683795,3.1622776601683795,3.4641016151377544,3.605551275463989
"Mario + Rabbids Kingdom Battle (Nintendo Switch, 2017)",2.8284271247461903,2.8284271247461903,1.7320508075688772,2.8284271247461903,3.3166247903554,3.3166247903554,2.8284271247461903,3.1622776601683795,2.8284271247461903,3.0
"Super Mario Odyssey (Nintendo Switch, 2017)",2.6457513110645907,1.7320508075688772,2.8284271247461903,2.6457513110645907,3.1622776601683795,2.8284271247461903,2.23606797749979,2.6457513110645907,2.6457513110645907,2.8284271247461903
Super Mario Party Nintendo Switch,2.449489742783178,2.0,2.6457513110645907,2.449489742783178,3.0,2.6457513110645907,1.4142135623730951,2.449489742783178,2.449489742783178,2.6457513110645907
Mario Tennis Aces Game Cartridge For Nintendo Switch Console - NEW & SEALED!!,3.4641016151377544,3.4641016151377544,3.605551275463989,2.8284271247461903,3.872983346207417,3.872983346207417,3.4641016151377544,3.4641016151377544,3.4641016151377544,3.605551275463989
"Mario + Rabbids Kingdom Battle (Nintendo Switch, 2017) - GREAT CONDITION!",3.1622776601683795,3.1622776601683795,2.23606797749979,3.1622776601683795,3.605551275463989,3.605551275463989,3.1622776601683795,3.4641016151377544,3.1622776601683795,3.3166247903554
"Mario + Rabbids Kingdom Battle (Nintendo Switch, 2017) New/Sealed",3.1622776601683795,3.1622776601683795,2.23606797749979,3.1622776601683795,3.605551275463989,3.605551275463989,3.1622776601683795,3.1622776601683795,3.1622776601683795,3.3166247903554
"Super Mario Odyssey (Nintendo Switch, 2017)",2.6457513110645907,1.7320508075688772,2.8284271247461903,2.6457513110645907,3.1622776601683795,2.8284271247461903,2.23606797749979,2.6457513110645907,2.6457513110645907,2.8284271247461903
PDP Secure Game Card Case for Nintendo Switch - Mario Edition,3.3166247903554,3.3166247903554,3.4641016151377544,3.3166247903554,3.7416573867739413,3.7416573867739413,3.3166247903554,3.605551275463989,3.3166247903554,3.4641016151377544
Super Mario Odyssey (Nintendo Switch) - $̶5̶9̶.̶9̶9̶ ~ $50 ~,2.6457513110645907,1.7320508075688772,2.8284271247461903,2.6457513110645907,3.1622776601683795,2.8284271247461903,2.23606797749979,2.6457513110645907,2.6457513110645907,2.8284271247461903
"Super Mario Odyssey (Nintendo Switch, 2017)",2.6457513110645907,1.7320508075688772,2.8284271247461903,2.6457513110645907,3.1622776601683795,2.8284271247461903,2.23606797749979,2.6457513110645907,2.6457513110645907,2.8284271247461903
Mario Kart 8 Deluxe - Nintendo Switch,1.4142135623730951,2.449489742783178,2.6457513110645907,2.449489742783178,3.0,3.0,2.449489742783178,2.449489742783178,2.449489742783178,2.6457513110645907
Super Mario Bros. U Deluxe - Nintendo Switch Game Mario Bros,3.1622776601683795,3.1622776601683795,3.605551275463989,3.4641016151377544,4.123105625617661,3.3166247903554,3.1622776601683795,2.449489742783178,3.7416573867739413,3.872983346207417
Nintendo Mario + Rabbids Kingdom Battle Nintendo Switch Video Game Brand New,3.7416573867739413,3.7416573867739413,3.0,3.7416573867739413,4.123105625617661,4.123105625617661,3.7416573867739413,3.7416573867739413,3.7416573867739413,3.872983346207417
"Super Mario Odyssey (Nintendo Switch, 2017)",2.6457513110645907,1.7320508075688772,2.8284271247461903,2.6457513110645907,3.1622776601683795,2.8284271247461903,2.23606797749979,2.6457513110645907,2.6457513110645907,2.8284271247461903
Mario rabbids kingdom battle nintendo switch,2.6457513110645907,2.6457513110645907,1.4142135623730951,2.6457513110645907,3.1622776601683795,3.1622776601683795,2.6457513110645907,3.0,2.6457513110645907,2.8284271247461903
"Super Mario Odyssey (Nintendo Switch, 2017) Case And Game",3.1622776601683795,2.449489742783178,3.3166247903554,3.1622776601683795,3.605551275463989,3.3166247903554,2.8284271247461903,3.1622776601683795,3.1622776601683795,3.3166247903554
Super Mario Party- Nintendo Switch Game (Sealed),2.8284271247461903,2.449489742783178,3.0,2.8284271247461903,3.3166247903554,3.0,2.0,2.8284271247461903,2.8284271247461903,3.0
"Mario + Rabbids Kingdom Battle (Nintendo Switch, 2017)",2.8284271247461903,2.8284271247461903,1.7320508075688772,2.8284271247461903,3.3166247903554,3.3166247903554,2.8284271247461903,3.1622776601683795,2.8284271247461903,3.0
"Mario Kart 8 Deluxe (Nintendo Switch, 2017)",1.7320508075688772,2.6457513110645907,2.8284271247461903,2.6457513110645907,3.1622776601683795,3.1622776601683795,2.6457513110645907,2.6457513110645907,2.6457513110645907,2.8284271247461903
"Mario + Rabbids Kingdom Battle (Nintendo Switch, 2017)",2.8284271247461903,2.8284271247461903,1.7320508075688772,2.8284271247461903,3.3166247903554,3.3166247903554,2.8284271247461903,3.1622776601683795,2.8284271247461903,3.0
"Mario Kart 8 Deluxe (Nintendo Switch, 2017)",1.7320508075688772,2.6457513110645907,2.8284271247461903,2.6457513110645907,3.1622776601683795,3.1622776601683795,2.6457513110645907,2.6457513110645907,2.6457513110645907,2.8284271247461903
"Mario Kart 8 Deluxe (Nintendo Switch, 2017) - EU Version (Works in USA)",2.8284271247461903,3.4641016151377544,3.605551275463989,3.4641016151377544,3.872983346207417,3.872983346207417,3.4641016151377544,3.4641016151377544,3.4641016151377544,3.605551275463989
"Mario + Rabbids Kingdom Battle (Nintendo Switch, 2017) video game New sealed",3.4641016151377544,3.4641016151377544,2.6457513110645907,3.4641016151377544,3.872983346207417,3.872983346207417,3.4641016151377544,3.4641016151377544,3.4641016151377544,3.605551275463989
1Pair Tennis Racket Gamepad Gaming Sensor for Nintendo Switch NS Mario Aces Game,3.7416573867739413,3.7416573867739413,3.872983346207417,3.1622776601683795,4.123105625617661,4.123105625617661,3.7416573867739413,4.0,3.7416573867739413,3.872983346207417
Mario Kart 8 Deluxe (Nintendo Switch Factory Sealed),2.0,2.8284271247461903,3.0,2.8284271247461903,3.3166247903554,3.3166247903554,2.8284271247461903,2.8284271247461903,2.8284271247461903,3.0
Mario Tennis Aces (used) and Super Mario Party (new) Nintendo Switch,3.4641016151377544,3.1622776601683795,3.605551275463989,2.8284271247461903,4.123105625617661,3.872983346207417,2.8284271247461903,3.1622776601683795,3.7416573867739413,3.872983346207417
"Mario Tennis Aces (Nintendo Switch, 2018)",2.6457513110645907,2.6457513110645907,2.8284271247461903,1.7320508075688772,3.1622776601683795,3.1622776601683795,2.6457513110645907,3.0,2.6457513110645907,2.8284271247461903
"Nintendo Super Smash Bro, & Mario Kart 8, & Donkey Kong Games, Nintendo Switch",3.4641016151377544,3.4641016151377544,3.872983346207417,3.7416573867739413,4.123105625617661,3.605551275463989,3.4641016151377544,3.7416573867739413,3.7416573867739413,3.872983346207417
"Mario Kart 8 Deluxe (Nintendo Switch, 2017)",1.7320508075688772,2.6457513110645907,2.8284271247461903,2.6457513110645907,3.1622776601683795,3.1622776601683795,2.6457513110645907,2.6457513110645907,2.6457513110645907,2.8284271247461903
"Mario Tennis Aces (Nintendo Switch, 2018)",2.6457513110645907,2.6457513110645907,2.8284271247461903,1.7320508075688772,3.1622776601683795,3.1622776601683795,2.6457513110645907,3.0,2.6457513110645907,2.8284271247461903
Super Mario Party Game Bundle Nintendo Switch Neon Green & Yellow Joy-cons new,3.7416573867739413,3.4641016151377544,3.872983346207417,3.7416573867739413,4.123105625617661,3.872983346207417,3.1622776601683795,3.4641016151377544,3.7416573867739413,3.872983346207417
Gold Mario Nintendo Switch Controller Usb Wired. Controller Looks Great!,3.605551275463989,3.605551275463989,3.7416573867739413,3.605551275463989,4.0,4.0,3.605551275463989,3.872983346207417,3.605551275463989,3.7416573867739413
"Super Mario Odyssey (Nintendo Switch Game, 2017)",2.8284271247461903,2.0,3.0,2.8284271247461903,3.3166247903554,3.0,2.449489742783178,2.8284271247461903,2.8284271247461903,3.0
Mario Kart 8 Deluxe Nintendo Switch Video Game Cart Only!,2.449489742783178,3.1622776601683795,3.3166247903554,3.1622776601683795,3.605551275463989,3.605551275463989,3.1622776601683795,3.1622776601683795,3.1622776601683795,3.3166247903554
"Mario Kart 8 Deluxe (Nintendo Switch, 2017)",1.7320508075688772,2.6457513110645907,2.8284271247461903,2.6457513110645907,3.1622776601683795,3.1622776601683795,2.6457513110645907,2.6457513110645907,2.6457513110645907,2.8284271247461903
"Mario Kart 8 Deluxe (Nintendo Switch, 2017)",1.7320508075688772,2.6457513110645907,2.8284271247461903,2.6457513110645907,3.1622776601683795,3.1622776601683795,2.6457513110645907,2.6457513110645907,2.6457513110645907,2.8284271247461903
Super Mario Odyssey - Starter Pack Switch [Brand New],3.0,2.23606797749979,3.1622776601683795,3.0,3.4641016151377544,3.1622776601683795,2.6457513110645907,2.6457513110645907,3.0,3.1622776601683795
Super Mario Odyssey & Captain Toad Treasure Tracker (Nintendo Switch),3.1622776601683795,2.449489742783178,3.3166247903554,3.1622776601683795,2.23606797749979,3.3166247903554,2.8284271247461903,3.1622776601683795,3.1622776601683795,3.3166247903554
Super Mario Odyssey Nintendo SWITCH Game New Free,3.0,2.23606797749979,3.1622776601683795,3.0,3.4641016151377544,3.1622776601683795,2.6457513110645907,2.6457513110645907,3.0,3.1622776601683795
New Super Mario Bros. U Deluxe Nintendo Switch pre order,2.8284271247461903,2.8284271247461903,3.3166247903554,3.1622776601683795,3.605551275463989,3.0,2.8284271247461903,2.0,3.1622776601683795,3.3166247903554
Super Mario Odyssey Video Game for Nintendo Switch System Region Free,3.4641016151377544,2.8284271247461903,3.605551275463989,3.4641016151377544,3.872983346207417,3.605551275463989,3.1622776601683795,3.4641016151377544,3.4641016151377544,3.605551275463989
"Mario + Rabbids Kingdom Battle (Nintendo Switch, 2017)",2.8284271247461903,2.8284271247461903,1.7320508075688772,2.8284271247461903,3.3166247903554,3.3166247903554,2.8284271247461903,3.1622776601683795,2.8284271247461903,3.0
Super Mario Party - Nintendo Switch 1,2.449489742783178,2.0,2.6457513110645907,2.449489742783178,3.0,2.6457513110645907,1.4142135623730951,2.449489742783178,2.449489742783178,2.6457513110645907
Super Mario Party - Nintendo Switch 6,2.449489742783178,2.0,2.6457513110645907,2.449489742783178,3.0,2.6457513110645907,1.4142135623730951,2.449489742783178,2.449489742783178,2.6457513110645907
Super Mario Bros U Deluxe Nintendo switch,2.23606797749979,2.23606797749979,2.8284271247461903,2.6457513110645907,3.1622776601683795,2.449489742783178,2.23606797749979,1.7320508075688772,2.6457513110645907,2.8284271247461903
NEW Mario Kart 8 Deluxe Nintendo Switch Video Game Sealed Import Region Free,3.0,3.605551275463989,3.7416573867739413,3.605551275463989,4.0,4.0,3.605551275463989,3.3166247903554,3.605551275463989,3.7416573867739413
New Super Mario Bros. U Deluxe Nintendo Switch pre order,2.8284271247461903,2.8284271247461903,3.3166247903554,3.1622776601683795,3.605551275463989,3.0,2.8284271247461903,2.0,3.1622776601683795,3.3166247903554
Super Mario Odyssey Starter Pack - Nintendo Switch,2.8284271247461903,2.0,3.0,2.8284271247461903,3.3166247903554,3.0,2.449489742783178,2.8284271247461903,2.8284271247461903,3.0
Mario Kart 8 Deluxe Nintendo Switch New & Sealed In Stock,2.449489742783178,3.1622776601683795,3.3166247903554,3.1622776601683795,3.605551275463989,3.605551275463989,3.1622776601683795,2.8284271247461903,3.1622776601683795,3.3166247903554
Mario Kart 8 Deluxe & The Legend of Zelda Breath of the Wild Nintendo Switch,3.7416573867739413,4.242640687119285,4.358898943540674,4.242640687119285,4.58257569495584,4.58257569495584,4.242640687119285,4.242640687119285,4.242640687119285,4.358898943540674
"Mario + Rabbids Kingdom Battle (Nintendo Switch, 2017)",2.8284271247461903,2.8284271247461903,1.7320508075688772,2.8284271247461903,3.3166247903554,3.3166247903554,2.8284271247461903,3.1622776601683795,2.8284271247461903,3.0
"Super Mario Odyssey (Nintendo Switch, 2017) never played",3.0,2.23606797749979,3.1622776601683795,3.0,3.4641016151377544,3.1622776601683795,2.6457513110645907,3.0,3.0,3.1622776601683795
* NEW* Mario + Rabbids Kingdom Battle Nintendo Switch FREE SHIPPING! ✔,3.1622776601683795,3.1622776601683795,2.23606797749979,3.1622776601683795,3.605551275463989,3.605551275463989,3.1622776601683795,3.1622776601683795,3.1622776601683795,3.3166247903554
"Mario + Rabbids Kingdom Battle (Nintendo Switch, 2017) with case",3.1622776601683795,3.1622776601683795,2.23606797749979,3.1622776601683795,3.605551275463989,3.605551275463989,3.1622776601683795,3.4641016151377544,3.1622776601683795,3.3166247903554
"Mario Kart 8 Deluxe (Nintendo Switch, 2017) GREAT RACING GAME GREAT CONDITION",3.1622776601683795,3.7416573867739413,3.872983346207417,3.7416573867739413,4.123105625617661,4.123105625617661,3.7416573867739413,3.7416573867739413,3.7416573867739413,3.872983346207417
Mario Kart 8 Deluxe Nintendo Switch Video Game NEW SEALED,2.449489742783178,3.1622776601683795,3.3166247903554,3.1622776601683795,3.605551275463989,3.605551275463989,3.1622776601683795,2.8284271247461903,3.1622776601683795,3.3166247903554
"Mario + Rabbids Kingdom Battle (Nintendo Switch, 2017)",2.8284271247461903,2.8284271247461903,1.7320508075688772,2.8284271247461903,3.3166247903554,3.3166247903554,2.8284271247461903,3.1622776601683795,2.8284271247461903,3.0
Nintendo of Ame Mario Tennis Aces for Nintendo Switch 2018,3.605551275463989,3.605551275463989,3.7416573867739413,3.0,4.0,4.0,3.605551275463989,3.872983346207417,3.605551275463989,3.7416573867739413
Super Mario Party Nintendo Switch Video Game Sealed,3.0,2.6457513110645907,3.1622776601683795,3.0,3.4641016151377544,3.1622776601683795,2.23606797749979,3.0,3.0,3.1622776601683795
Mint Condition Super Mario Party- Nintendo Switch,2.8284271247461903,2.449489742783178,3.0,2.8284271247461903,3.3166247903554,3.0,2.0,2.8284271247461903,2.8284271247461903,3.0
New Super Mario Bros. U Deluxe (Switch) BRAND NEW/ Region Free,3.3166247903554,3.3166247903554,3.7416573867739413,3.605551275463989,4.0,3.4641016151377544,3.3166247903554,2.23606797749979,3.605551275463989,3.7416573867739413
Mario + Rabbids Kingdom Battle Gold Edition Nintendo Switch Brand New,3.3166247903554,3.3166247903554,2.449489742783178,3.3166247903554,3.7416573867739413,3.7416573867739413,3.3166247903554,3.3166247903554,3.3166247903554,3.4641016151377544
Mario + Rabbids Kingdom Battle (Nintendo Switch) NEW,2.8284271247461903,2.8284271247461903,1.7320508075688772,2.8284271247461903,3.3166247903554,3.3166247903554,2.8284271247461903,2.8284271247461903,2.8284271247461903,3.0
Super Mario Odyssey Nintendo Switch - Ships Quickly,2.8284271247461903,2.0,3.0,2.8284271247461903,3.3166247903554,3.0,2.449489742783178,2.8284271247461903,2.8284271247461903,3.0
"Super Mario Odyssey (Nintendo Switch, 2017) (NX47)",2.8284271247461903,2.0,3.0,2.8284271247461903,3.3166247903554,3.0,2.449489742783178,2.8284271247461903,2.8284271247461903,3.0
Mario + Rabbids Kingdom Battle - Nintendo Switch,2.6457513110645907,2.6457513110645907,1.4142135623730951,2.6457513110645907,3.1622776601683795,3.1622776601683795,2.6457513110645907,3.0,2.6457513110645907,2.8284271247461903
Mario + Rabbids Kingdom Battle Custom Cover/Case Nintendo Switch NO GAME!,3.4641016151377544,3.4641016151377544,2.6457513110645907,3.4641016151377544,3.872983346207417,3.872983346207417,3.4641016151377544,3.7416573867739413,3.4641016151377544,3.605551275463989
NINTENDO Mario Kart 8 Deluxe Nintendo Switch,2.23606797749979,3.0,3.1622776601683795,3.0,3.4641016151377544,3.4641016151377544,3.0,3.0,3.0,3.1622776601683795
Mario + Rabbids Kingdom Battle Anniversary Edition YOSHI (Nintendo Switch) NEW,3.3166247903554,3.3166247903554,2.449489742783178,3.3166247903554,3.7416573867739413,3.7416573867739413,3.3166247903554,3.3166247903554,3.0,3.4641016151377544
Mario Rabbids Battle Kingdom Collector's Edition Statue Game Nintendo Switch,3.3166247903554,3.3166247903554,2.449489742783178,3.3166247903554,3.7416573867739413,3.7416573867739413,3.3166247903554,3.605551275463989,3.3166247903554,3.4641016151377544
Super Mario Party Nintendo Switch SWI Brand New In Stock,3.3166247903554,3.0,3.4641016151377544,3.3166247903554,3.7416573867739413,3.4641016151377544,2.6457513110645907,3.0,3.3166247903554,3.4641016151377544
Super Mario Odyssey - Nintendo Switch Used,2.6457513110645907,1.7320508075688772,2.8284271247461903,2.6457513110645907,3.1622776601683795,2.8284271247461903,2.23606797749979,2.6457513110645907,2.6457513110645907,2.8284271247461903
"Super Mario Odyssey (Nintendo Switch, 2017)",2.6457513110645907,1.7320508075688772,2.8284271247461903,2.6457513110645907,3.1622776601683795,2.8284271247461903,2.23606797749979,2.6457513110645907,2.6457513110645907,2.8284271247461903
"Super Mario Odyssey (Nintendo Switch, 2017)",2.6457513110645907,1.7320508075688772,2.8284271247461903,2.6457513110645907,3.1622776601683795,2.8284271247461903,2.23606797749979,2.6457513110645907,2.6457513110645907,2.8284271247461903
"Mario + Rabbids Kingdom Battle (Nintendo Switch, 2017) LikeNew, FREE US SHIP",3.4641016151377544,3.4641016151377544,2.6457513110645907,3.4641016151377544,3.872983346207417,3.872983346207417,3.4641016151377544,3.7416573867739413,3.4641016151377544,3.605551275463989
"Mario Tennis Aces (Nintendo Switch, 2018)",2.6457513110645907,2.6457513110645907,2.8284271247461903,1.7320508075688772,3.1622776601683795,3.1622776601683795,2.6457513110645907,3.0,2.6457513110645907,2.8284271247461903
"Super Mario Odyssey (Nintendo Switch, 2017) Tested! Free Shipping!",3.1622776601683795,2.449489742783178,3.3166247903554,3.1622776601683795,3.605551275463989,3.3166247903554,2.8284271247461903,3.1622776601683795,3.1622776601683795,3.3166247903554
In stock Nintendo Switch New Super Mario Bros. U Deluxe ship from US,3.3166247903554,3.3166247903554,3.7416573867739413,3.605551275463989,4.0,3.4641016151377544,3.3166247903554,2.6457513110645907,3.605551275463989,3.7416573867739413
Mario+Rabbids Kingdom Battle Nintendo Switch Game+Mario Figure+Season Pass NEW,3.605551275463989,3.605551275463989,2.8284271247461903,3.605551275463989,4.242640687119285,4.242640687119285,3.605551275463989,3.605551275463989,3.872983346207417,4.0
Super Mario Odyssey - Nintendo Switch Brand New,2.8284271247461903,2.0,3.0,2.8284271247461903,3.3166247903554,3.0,2.449489742783178,2.449489742783178,2.8284271247461903,3.0
Super Mario Odyssey Custom Cover/Case Nintendo Switch NO GAME!,3.3166247903554,2.6457513110645907,3.4641016151377544,3.3166247903554,3.7416573867739413,3.4641016151377544,3.0,3.3166247903554,3.3166247903554,3.4641016151377544
Mario Kart 8 Deluxe Custom Cover/Case Nintendo Switch NO GAME!,2.6457513110645907,3.3166247903554,3.4641016151377544,3.3166247903554,3.7416573867739413,3.7416573867739413,3.3166247903554,3.3166247903554,3.3166247903554,3.4641016151377544
Super Mario Odyssey - Nintendo Switch Game Cartridge,2.8284271247461903,2.0,3.0,2.8284271247461903,3.3166247903554,3.0,2.449489742783178,2.8284271247461903,2.8284271247461903,3.0
"Mario Tennis Aces (Nintendo Switch, 2018)",2.6457513110645907,2.6457513110645907,2.8284271247461903,1.7320508075688772,3.1622776601683795,3.1622776601683795,2.6457513110645907,3.0,2.6457513110645907,2.8284271247461903
New Super Mario Bros. U Deluxe Chinese/English/Japanese Nintendo Switch NEW,3.4641016151377544,3.4641016151377544,3.872983346207417,3.7416573867739413,4.123105625617661,3.605551275463989,3.4641016151377544,2.449489742783178,3.7416573867739413,3.872983346207417
Super Mario Odyssey Video Game for Nintendo Switch System Region Free,3.4641016151377544,2.8284271247461903,3.605551275463989,3.4641016151377544,3.872983346207417,3.605551275463989,3.1622776601683795,3.4641016151377544,3.4641016151377544,3.605551275463989
Mario Tennis Aces (Nintendo Switch) with the case -- Tested,3.1622776601683795,3.1622776601683795,3.3166247903554,2.449489742783178,3.605551275463989,3.605551275463989,3.1622776601683795,3.4641016151377544,3.1622776601683795,3.3166247903554
"Mario + Rabbids Kingdom Battle (Nintendo Switch, 2017)",2.8284271247461903,2.8284271247461903,1.7320508075688772,2.8284271247461903,3.3166247903554,3.3166247903554,2.8284271247461903,3.1622776601683795,2.8284271247461903,3.0
"Mario Kart 8 Deluxe Game and Nintendo Switch Joy-Con Set, both New and Unopened",3.605551275463989,4.123105625617661,4.242640687119285,4.123105625617661,4.47213595499958,4.47213595499958,4.123105625617661,3.872983346207417,4.123105625617661,4.242640687119285
NEW Nintendo Switch Game Mario Kart Deluxe 8,2.0,2.8284271247461903,3.0,2.8284271247461903,3.3166247903554,3.3166247903554,2.8284271247461903,2.449489742783178,2.8284271247461903,3.0
Nintendo Switch Mario Kart 8 Deluxe Game *BRAND NEW- FAST SHIPPING!!!!*,2.6457513110645907,3.3166247903554,3.4641016151377544,3.3166247903554,3.7416573867739413,3.7416573867739413,3.3166247903554,3.0,3.3166247903554,3.4641016151377544
Mario Kart Steering Wheel for Nintendo Switch Joy-Con 2 Pack Grips Black,3.3166247903554,3.605551275463989,3.7416573867739413,3.605551275463989,4.0,4.0,3.605551275463989,3.872983346207417,3.605551275463989,3.7416573867739413
Mario Kart 8 Deluxe Used for Nintendo Switch - Game Only - With Case/No Artwork,3.1622776601683795,3.7416573867739413,3.872983346207417,3.7416573867739413,4.123105625617661,4.123105625617661,3.7416573867739413,3.7416573867739413,3.7416573867739413,3.872983346207417
Nintendo Switch - Mario Themed JoyCon Grip - SOLD OUT - LIMITED EDITION,3.3166247903554,3.3166247903554,3.4641016151377544,3.3166247903554,3.7416573867739413,3.7416573867739413,3.3166247903554,3.605551275463989,3.3166247903554,3.4641016151377544
New NINTENDO SWITCH Games SUPER MARIO ODYSSEY Asia Version,3.1622776601683795,2.449489742783178,3.3166247903554,3.1622776601683795,3.605551275463989,3.3166247903554,2.8284271247461903,2.8284271247461903,3.1622776601683795,3.3166247903554
Mario + Rabbids Kingdom Battle Nintendo Switch Game (UK IMPORT) GAME NEW,3.7416573867739413,3.7416573867739413,3.0,3.7416573867739413,4.123105625617661,4.123105625617661,3.7416573867739413,3.7416573867739413,3.7416573867739413,3.872983346207417
Mario Kart 8 Deluxe Asia Version Chinese/English subtitle Nintendo Switch NEW,2.8284271247461903,3.4641016151377544,3.605551275463989,3.4641016151377544,3.872983346207417,3.872983346207417,3.4641016151377544,3.1622776601683795,3.4641016151377544,3.605551275463989
"Super Mario Odyssey (Nintendo Switch, 2017) game with case bros",3.3166247903554,2.6457513110645907,3.4641016151377544,3.3166247903554,3.7416573867739413,3.1622776601683795,3.0,3.0,3.3166247903554,3.4641016151377544
NEW Mario Kart 8 Deluxe Nintendo Switch,1.7320508075688772,2.6457513110645907,2.8284271247461903,2.6457513110645907,3.1622776601683795,3.1622776601683795,2.6457513110645907,2.23606797749979,2.6457513110645907,2.8284271247461903
"Mario + Rabbids Kingdom Battle (Nintendo Switch, 2017) *New*",3.0,3.0,2.0,3.0,3.4641016151377544,3.4641016151377544,3.0,3.0,3.0,3.1622776601683795
